{"acc_train": 0.1723160050395937, "loss_train": NaN, "acc_val": 0.17041439793840144, "loss_val": NaN, "_timestamp": 1719794266.3152175, "_runtime": 477.9866075515747, "_step": 0}